stan123 /users/stan123 lawrence
stan133 /users/stan133 comicX
mxtp1 /users/mxtp1 sooperDude
sam64 /users/sam64 wereRU
larry /users/larry 1234
rarly /users/rarly soSad
misfit /lost/found/misfit were
akk5 /user/root test
timmy /users/timmy timmy
yloop /users/yloop mentat
loopy /users/loopy circle
morty /users/morty treasure
slippy /users/slippy tiptop
